tissue	gene_id	SYMBOL	DEG_group	WGC_group
chuiti	ENSGALG00010024495	CLDN5	Up	
chuiti	ENSGALG00010017806	CELA3B	Down	
chuiti	ENSGALG00010024963	TNFRSF6B	Down	
chuiti	ENSGALG00010026906	CLPS	Down	
chuiti	ENSGALG00010028912	EXFABP	Down	
chuiti	ENSGALG00010015186	FDX1B	Down	
chuiti	ENSGALG00010023723	KLK7	Down	
chuiti	ENSGALG00010020995		Up	
chuiti	ENSGALG00010021935	CETP	Down	
chuiti	ENSGALG00010020384		Down	
chuiti	ENSGALG00010023635	SCN4A	Down	
chuiti	ENSGALG00010023187	LOC772158	Down	
chuiti	ENSGALG00010001751	AVPR2C	Down	
ganzang	ENSGALG00010015842		Down	
ganzang	ENSGALG00010021935	CETP	Down	
ganzang	ENSGALG00010013954	LPL	Down	
ganzang	ENSGALG00010017804	DUSP5	Down	
ganzang	ENSGALG00010020835	PTGR2	Up	
ganzang	ENSGALG00010000404	RASAL1	Up	
ganzang	ENSGALG00010028443	TMEM221	Up	
ganzang	ENSGALG00010025613	CDKN1A	Down	
ganzang	ENSGALG00010019989	SLC6A14	Down	
ganzang	ENSGALG00010009106	THSD7B	Up	up
ganzang	ENSGALG00010022401	LCAT	Down	
ganzang	ENSGALG00010029387	SERPINF1	Down	up
ganzang	ENSGALG00010006585	TTC29	Up	
ganzang	ENSGALG00010010866		Up	
ganzang	ENSGALG00010025044	TMEM9	Up	
ganzang	ENSGALG00010021184	DRAXIN	Up	
ganzang	ENSGALG00010013715	IL1R1	Down	
ganzang	ENSGALG00010024773	APOA1	Down	
ganzang	ENSGALG00010014529		Up	
ganzang	ENSGALG00010015087	GABRA3	Up	
ganzang	ENSGALG00010019247	HBZ	Up	up
ganzang	ENSGALG00010022818		Up	
ganzang	ENSGALG00010028562	ACSBG2	Up	up
ganzang	ENSGALG00010029702	CORO6	Up	
ganzang	ENSGALG00010029765	KCNJ16	Up	
ganzang	ENSGALG00010009118	ACTN2	Up	
ganzang	ENSGALG00010020306		Up	
ganzang	ENSGALG00010017970	AMPH	Down	
ganzang	ENSGALG00010006991		Down	
ganzang	ENSGALG00010030076		Up	
ganzang	ENSGALG00010000806	C5orf49	Up	
ganzang	ENSGALG00010007018		Up	
ganzang	ENSGALG00010020002		Up	
ganzang	ENSGALG00010030073		Up	
ganzang	ENSGALG00010027319	MST1R	Up	
ganzang	ENSGALG00010002603	INSYN2A	Down	
ganzang	ENSGALG00010013979		Up	
ganzang	ENSGALG00010008376	MMRN1	Up	
ganzang	ENSGALG00010023229	HKDC1	Up	
ganzang	ENSGALG00010025650	PPP1R1A	Down	
ganzang	ENSGALG00010003325	LOC107057061	Up	
ganzang	ENSGALG00010004222	SPAG6	Down	
ganzang	ENSGALG00010025671	CHDSD	Down	
ganzang	ENSGALG00010026789		Down	
ganzang	ENSGALG00010025343	B2	Down	
ganzang	ENSGALG00010020693	PTGFR	Down	
ganzang	ENSGALG00010029778	DOC2B	Up	up
ganzang	ENSGALG00010005684		Up	
ganzang	ENSGALG00010004748	LOC124417804	Up	
ganzang	ENSGALG00010017409	GPC3	Up	
ganzang	ENSGALG00010015272		Up	
ganzang	ENSGALG00010029239	RBFOX3	Up	
ganzang	ENSGALG00010000562		Up	
ganzang	ENSGALG00010000865		Up	
ganzang	ENSGALG00010024950	NCAM1	Down	
ganzang	ENSGALG00010022828	PRKG1	Up	
ganzang	ENSGALG00010021630	VTG1	Up	
ganzang	ENSGALG00010009112	LOC771456	Up	
ganzang	ENSGALG00010023082		Up	
ganzang	ENSGALG00010015677	GRHL3	Up	
ganzang	ENSGALG00010020431		Up	
ganzang	ENSGALG00010002282	TSKU	Down	
ganzang	ENSGALG00010027783		Up	
ganzang	ENSGALG00010000145	PRODH	Down	
ganzang	ENSGALG00010029236	ENPP7	Up	
ganzang	ENSGALG00010005790	MUSK	Up	
ganzang	ENSGALG00010023995		Up	
ganzang	ENSGALG00010009640	NPR2	Down	
ganzang	ENSGALG00010029907	NTN1	Up	
ganzang	ENSGALG00010011423	GDF6	Up	
ganzang	ENSGALG00010007205		Up	
ganzang	ENSGALG00010011197		Up	
ganzang	ENSGALG00010004134		Up	
ganzang	ENSGALG00010020498	FRMPD2	Up	
ganzang	ENSGALG00010027231	ATP2B2	Up	
ganzang	ENSGALG00010021303		Up	
ganzang	ENSGALG00010023439	ACSS2	Down	
ganzang	ENSGALG00010014207		Up	
ganzang	ENSGALG00010012330	RFX6	Down	
ganzang	ENSGALG00010004256	DSC1	Up	up
ganzang	ENSGALG00010006328	SYNDIG1L	Up	
ganzang	ENSGALG00010009297	CTN3	Up	
ganzang	ENSGALG00010004450		Up	
ganzang	ENSGALG00010001925	FRMPD4	Up	
ganzang	ENSGALG00010022409	CARNS1	Up	
ganzang	ENSGALG00010000798		Up	
ganzang	ENSGALG00010024745	PMEL	Up	
ganzang	ENSGALG00010016376		Up	
ganzang	ENSGALG00010002623	MID1IP1	Up	
ganzang	ENSGALG00010012239		Up	
ganzang	ENSGALG00010001919	LOC429348	Up	
ganzang	ENSGALG00010020182	LOC101751553	Up	
ganzang	ENSGALG00010017434	FGF13	Down	
ganzang	ENSGALG00010024759	APOC3	Down	
ganzang	ENSGALG00010026768		Down	
ganzang	ENSGALG00010017515	SPIA3	Down	
ganzang	ENSGALG00010011166	SOX7	Up	
ganzang	ENSGALG00010013237	SVOPL	Up	
ganzang	ENSGALG00010015167	RAB3C	Up	
ganzang	ENSGALG00010018439		Up	
ganzang	ENSGALG00010015525		Up	
ganzang	ENSGALG00010023085		Up	
ganzang	ENSGALG00010010821	RGS8	Up	
ganzang	ENSGALG00010011664	SERPINB10B	Down	
ganzang	ENSGALG00010018601	CPNE4	Up	
ganzang	ENSGALG00010004523		Up	
ganzang	ENSGALG00010016406	PDILT	Up	
ganzang	ENSGALG00010000799		Up	
ganzang	ENSGALG00010011609	AVDL	Down	
ganzang	ENSGALG00010009150	CGREF1	Up	
ganzang	ENSGALG00010021294		Up	
ganzang	ENSGALG00010014497		Up	
ganzang	ENSGALG00010015664	NSUN7	Down	
ganzang	ENSGALG00010018147	ISM1	Up	
ganzang	ENSGALG00010022829		Up	
ganzang	ENSGALG00010016030	TGM4	Down	
ganzang	ENSGALG00010015812		Up	
ganzang	ENSGALG00010016342		Down	
ganzang	ENSGALG00010000808	ADCY2	Up	up
ganzang	ENSGALG00010029180	CA4	Down	
ganzang	ENSGALG00010020828	CAMK2N1	Up	
ganzang	ENSGALG00010028374	FDPS	Up	up
ganzang	ENSGALG00010022343	GATA5	Down	
ganzang	ENSGALG00010010552		Up	
ganzang	ENSGALG00010023423		Down	
ganzang	ENSGALG00010013987		Up	
ganzang	ENSGALG00010018717	MEIOB	Up	
ganzang	ENSGALG00010008945	FER1L6	Up	
ganzang	ENSGALG00010012920		Up	
ganzang	ENSGALG00010000298	SLC35E4	Up	
ganzang	ENSGALG00010024499	CA12	Up	
ganzang	ENSGALG00010005425	ELAPOR2	Up	
ganzang	ENSGALG00010000191	NEFH	Down	
ganzang	ENSGALG00010020408		Up	
ganzang	ENSGALG00010020879		Up	
ganzang	ENSGALG00010026893	FKBP5	Down	
ganzang	ENSGALG00010010747	SYCP2L	Up	
ganzang	ENSGALG00010013575	LOC107052769	Up	
luanchao	ENSGALG00010000694		Down	
luanchao	ENSGALG00010015061	MMP9	Up	
luanchao	ENSGALG00010025992	MMP11	Up	
luanchao	ENSGALG00010029651	CHAD	Up	
luanchao	ENSGALG00010013069		Up	
luanchao	ENSGALG00010012847	RLN3	Up	
luanchao	ENSGALG00010025069	PODN	Up	
luanchao	ENSGALG00010004754		Up	
luanchao	ENSGALG00010016100	SFRP4	Up	
luanchao	ENSGALG00010023425		Up	
luanchao	ENSGALG00010011448	AvBD10	Down	
luanchao	ENSGALG00010015011		Up	
luanchao	ENSGALG00010019114	FAM46D	Up	
luanchao	ENSGALG00010014614	GHR	Up	
luanchao	ENSGALG00010020959	ZNF488	Up	
luanchao	ENSGALG00010019097	STC1	Up	
luanchao	ENSGALG00010012083	MGP	Up	
luanchao	ENSGALG00010012390	MMP16	Up	
luanchao	ENSGALG00010017974	MXRA8	Up	
luanchao	ENSGALG00010007546	MMP10	Up	
luanchao	ENSGALG00010007575	MMP27	Up	
luanchao	ENSGALG00010008247	FAM198B	Up	
luanchao	ENSGALG00010011921	MEGF10	Up	
luanchao	ENSGALG00010024349	R3HDML	Down	
luanchao	ENSGALG00010001704	DCHS1	Up	
luanchao	ENSGALG00010013046	SLC12A5	Up	
luanchao	ENSGALG00010020259		Up	
luanchao	ENSGALG00010023194	MRC2	Up	
luanchao	ENSGALG00010027957	LOC107049672	Up	
luanchao	ENSGALG00010005474	COL8A1	Up	
luanchao	ENSGALG00010026529		Up	
luanchao	ENSGALG00010021247	GO1	Up	
luanchao	ENSGALG00010025414	MMP2	Up	
luanchao	ENSGALG00010012868	CTHRC1	Up	
luanchao	ENSGALG00010013936	DLGAP3	Up	
luanchao	ENSGALG00010017638	GFRA2	Up	
luanchao	ENSGALG00010005497	MKX	Up	
luanchao	ENSGALG00010021046	PDPN	Up	
luanchao	ENSGALG00010020193	VSTM4	Up	
luanchao	ENSGALG00010012200	GEM	Up	
luanchao	ENSGALG00010007302	CDH11	Up	
luanchao	ENSGALG00010004325	LTBP2	Up	
luanchao	ENSGALG00010000143	SCARF2	Up	
luanchao	ENSGALG00010007920	FAT3	Up	
luanchao	ENSGALG00010003222	ITGA8	Up	
luanchao	ENSGALG00010025758		Up	
luanchao	ENSGALG00010026527		Up	
luanchao	ENSGALG00010012285	FBLN1	Up	
luanchao	ENSGALG00010016519	MEX3B	Up	
luanchao	ENSGALG00010012080	SLC34A1	Down	
luanchao	ENSGALG00010029793		Down	
luanchao	ENSGALG00010012092	OC3	Up	
luanchao	ENSGALG00010008906	DBN1	Up	
luanchao	ENSGALG00010002739	SLURP1	Down	
luanchao	ENSGALG00010006187	TCF21	Up	
luanchao	ENSGALG00010006328	SYNDIG1L	Up	
luanchao	ENSGALG00010009266	PCDH7	Up	
luanchao	ENSGALG00010001895	P4HA3	Up	
luanchao	ENSGALG00010023217	CREB3L1	Up	
luanchao	ENSGALG00010019169	GPR153	Up	
luanchao	ENSGALG00010028549	ADAMTS10	Up	
luanchao	ENSGALG00010001101		Up	
luanchao	ENSGALG00010005641		Up	
luanchao	ENSGALG00010017399	CPXM1	Up	
luanchao	ENSGALG00010017487	C1QTNF8	Up	
luanchao	ENSGALG00010018057	SSTR4	Up	
luanchao	ENSGALG00010019498	LOC415478	Up	
luanchao	ENSGALG00010003937	LOC121108129	Up	
luanchao	ENSGALG00010001144	CDKN2B	Up	
luanchao	ENSGALG00010002625	FHL5	Up	
luanchao	ENSGALG00010005303		Up	
luanchao	ENSGALG00010016059	EPDR1	Up	
luanchao	ENSGALG00010019492		Down	
luanchao	ENSGALG00010024266	WISP2	Up	
luanchao	ENSGALG00010025032	FSTL1	Up	
luanchao	ENSGALG00010007334	SALL3	Down	
luanchao	ENSGALG00010029765	KCNJ16	Down	
luanchao	ENSGALG00010007638		Up	
luanchao	ENSGALG00010010975	ATP8B1	Down	
luanchao	ENSGALG00010017013		Up	
luanchao	ENSGALG00010018972		Down	
luanchao	ENSGALG00010020835	PTGR2	Up	
luanchao	ENSGALG00010028052	COL27A1	Up	
luanchao	ENSGALG00010017641	GPRC5B	Up	
luanchao	ENSGALG00010021761	MAFB	Up	
luanchao	ENSGALG00010005966	PLXDC2	Up	
luanchao	ENSGALG00010014295	CAC1C	Up	
luanchao	ENSGALG00010014942	PMEPA1	Up	
luanchao	ENSGALG00010011568		Up	
luanchao	ENSGALG00010005248	TMEM200A	Up	
luanchao	ENSGALG00010003921	COLEC12	Up	
luanchao	ENSGALG00010010422	CDH1	Down	
luanchao	ENSGALG00010023429	BMF	Up	
luanchao	ENSGALG00010012436	CFH	Up	
luanchao	ENSGALG00010023605	INSYN1	Up	
luanchao	ENSGALG00010014154	DI7	Down	
luanchao	ENSGALG00010022048		Down	
luanchao	ENSGALG00010023042	OVSTL	Down	
luanchao	ENSGALG00010027704		Up	
luanchao	ENSGALG00010028070	MEX3A	Up	
luanchao	ENSGALG00010013612	TWIST2	Up	
luanchao	ENSGALG00010012939	GJA1	Up	
luanchao	ENSGALG00010024374	CLDN15	Down	
luanchao	ENSGALG00010019331	CEMIP	Up	
luanchao	ENSGALG00010018943	ACKR4	Up	
luanchao	ENSGALG00010021021	GCG	Up	
luanchao	ENSGALG00010013672	SHROOM1	Down	
luanchao	ENSGALG00010029189		Up	
luanchao	ENSGALG00010028195	LOC417131	Down	
luanchao	ENSGALG00010026120	C1QTNF5	Up	
luanchao	ENSGALG00010000633	VWC2	Up	
luanchao	ENSGALG00010001146	FAM69C	Up	
luanchao	ENSGALG00010029162	ELN	Up	
luanchao	ENSGALG00010013071		Up	
luanchao	ENSGALG00010010417	OTOF	Down	
luanchao	ENSGALG00010004242	ADAM22	Up	
luanchao	ENSGALG00010008146		Up	
luanchao	ENSGALG00010009273	MAL2	Down	
luanchao	ENSGALG00010021013	FAP	Up	
luanchao	ENSGALG00010029156	UPK3BL	Down	
luanchao	ENSGALG00010015828	WFDC2	Down	
luanchao	ENSGALG00010023956	KREMEN1	Up	
luanchao	ENSGALG00010029161	HNF1B	Down	
luanchao	ENSGALG00010028012	PRRX2	Up	
luanchao	ENSGALG00010002428	IBSP	Up	
luanchao	ENSGALG00010002428	DMP1	Up	
luanchao	ENSGALG00010019292		Up	
luanchao	ENSGALG00010028003		Down	
luanchao	ENSGALG00010019996	ITGB5	Up	
luanchao	ENSGALG00010025330	USH1C	Down	
luanchao	ENSGALG00010016777	TNMD	Up	
luanchao	ENSGALG00010005337	DCTN1	Up	
luanchao	ENSGALG00010021047	TMC5	Down	
luanchao	ENSGALG00010007330	MMP13	Up	
luanchao	ENSGALG00010024532	TMEM86A	Up	
luanchao	ENSGALG00010029752	LOC101749175	Up	
luanchao	ENSGALG00010013465	CALD1	Up	
luanchao	ENSGALG00010023330	TSPAN1	Down	
luanchao	ENSGALG00010006009	MALRD1	Down	
luanchao	ENSGALG00010018192	IQCH	Down	
luanchao	ENSGALG00010008204		Up	
luanchao	ENSGALG00010006570	SULT6B1L	Down	
luanchao	ENSGALG00010009962		Up	
luanchao	ENSGALG00010020121	LOC771422	Up	
luanchao	ENSGALG00010018446	FBN1	Up	
luanchao	ENSGALG00010004175		Up	
luanchao	ENSGALG00010014944	FGB	Down	
luanchao	ENSGALG00010011244	PDE9A	Up	
luanchao	ENSGALG00010011984	FN1	Up	
luanchao	ENSGALG00010005679	TMEM45A	Up	
luanchao	ENSGALG00010018240	SOUL	Down	
luanchao	ENSGALG00010023028	TMEM61	Up	
luanchao	ENSGALG00010025003	IGFN1	Down	
luanchao	ENSGALG00010002260		Up	
luanchao	ENSGALG00010018147	ISM1	Down	
luanchao	ENSGALG00010028382		Up	
luanchao	ENSGALG00010026636		Up	
luanchao	ENSGALG00010016870	LOC426093	Up	
luanchao	ENSGALG00010022809	MYO1E	Up	
luanchao	ENSGALG00010028080	MUSTN1	Up	
luanchao	ENSGALG00010025681		Up	
luanchao	ENSGALG00010013914	NRG1	Down	
luanchao	ENSGALG00010015809	PCOLCE2	Up	
luanchao	ENSGALG00010003808	TWIST1	Up	
luanchao	ENSGALG00010022246	RHOV	Down	
luanchao	ENSGALG00010026783		Down	
luanchao	ENSGALG00010006331	SMAD9	Up	
luanchao	ENSGALG00010010677	LOC124418344	Down	
luanchao	ENSGALG00010025958	HOXC9	Up	
luanchao	ENSGALG00010024615	SYT8	Down	
luanchao	ENSGALG00010005268	MTTP	Down	
luanchao	ENSGALG00010015030		Up	
luanchao	ENSGALG00010020006	PLB1	Down	
luanchao	ENSGALG00010002331	C1HXORF59	Down	
luanchao	ENSGALG00010024342	HNF4A	Down	
luanchao	ENSGALG00010025890	SCG2	Up	
luanchao	ENSGALG00010002965	PRSS35	Up	
luanchao	ENSGALG00010007933	CEP126	Up	
luanchao	ENSGALG00010019346	POU3F4	Down	
luanchao	ENSGALG00010010439	HGF	Up	
luanchao	ENSGALG00010013799	SCRT2	Up	
luanchao	ENSGALG00010020025	LOXL2	Up	
luanchao	ENSGALG00010030076		Down	
luanchao	ENSGALG00010014946	PCK1	Down	
luanchao	ENSGALG00010002290		Down	
luanchao	ENSGALG00010017670	FAM179A	Down	
luanchao	ENSGALG00010022290	NEXN	Up	
luanchao	ENSGALG00010001705	HTRA1	Up	
luanchao	ENSGALG00010004534	CUBN	Down	
luanchao	ENSGALG00010004869		Up	
luanchao	ENSGALG00010029771	SOX9	Down	
luanchao	ENSGALG00010019738	ADRA2A	Up	
luanchao	ENSGALG00010007845	TFAP2B	Down	
luanchao	ENSGALG00010012226	SLCO4C1	Down	
luanchao	ENSGALG00010008005	ANKRD42	Down	
luanchao	ENSGALG00010023626	LOXL1	Up	
luanchao	ENSGALG00010027759	LOC107049024	Up	
luanchao	ENSGALG00010028956		Down	
luanchao	ENSGALG00010010335	LOC107054325	Down	
luanchao	ENSGALG00010025543		Down	
luanchao	ENSGALG00010029075		Down	
luanchao	ENSGALG00010014361	SSPN	Up	
luanchao	ENSGALG00010006676		Down	
luanchao	ENSGALG00010029197	LHX1	Down	
luanchao	ENSGALG00010011085	UGT1A1	Down	
luanchao	ENSGALG00010015177	TC2N	Down	
luanchao	ENSGALG00010015111	ADAMTS2	Up	
luanchao	ENSGALG00010024602	PROCR	Up	
luanchao	ENSGALG00010027073	DH12	Down	
luanchao	ENSGALG00010013078	COL5A2	Up	
luanchao	ENSGALG00010025241		Up	
luanchao	ENSGALG00010025434	SYT6	Up	
luanchao	ENSGALG00010021732	CASR	Down	
luanchao	ENSGALG00010015192	LOC419333	Down	
luanchao	ENSGALG00010029180	CA4	Up	
luanchao	ENSGALG00010027790		Down	
luanchao	ENSGALG00010004808	THEMIS	Down	
luanchao	ENSGALG00010004374	ILDR1	Down	
luanchao	ENSGALG00010009284	CCN3	Up	
luanchao	ENSGALG00010001292	LOX	Up	
luanchao	ENSGALG00010015728	LOC121113177	Up	
luanchao	ENSGALG00010016097	FNIP1	Up	
luanchao	ENSGALG00010004503	SOX17	Down	
luanchao	ENSGALG00010029585	SEPTIN4	Up	
luanchao	ENSGALG00010002615		Down	
luanchao	ENSGALG00010004096	COL12A1	Up	
luanchao	ENSGALG00010026339		Up	
luanchao	ENSGALG00010009527	CABCOCO1	Down	
luanchao	ENSGALG00010021716	TFCP2L1	Down	
luanchao	ENSGALG00010006932		Down	
luanchao	ENSGALG00010024386	TPPP3	Up	
luanchao	ENSGALG00010025708	HOXC8	Up	
luanchao	ENSGALG00010025192	CRYAB	Down	
luanchao	ENSGALG00010019072	AEBP1	Up	
luanchao	ENSGALG00010024704	FOXB1	Down	
luanchao	ENSGALG00010025671	CHDSD	Down	
luanchao	ENSGALG00010017169	C14orf105	Down	
luanchao	ENSGALG00010012441	FST	Up	
luanchao	ENSGALG00010018284	SPEG	Up	
luanchao	ENSGALG00010027767	LOC107055097	Up	
luanchao	ENSGALG00010016372	PIH1D3	Down	
luanchao	ENSGALG00010004609	CFAP69	Down	
luanchao	ENSGALG00010019561		Up	
luanchao	ENSGALG00010024702	C1orf106	Up	
luanchao	ENSGALG00010028807		Up	
luanchao	ENSGALG00010005333	PLX4	Up	
luanchao	ENSGALG00010019867	PEX11A	Down	
luanchao	ENSGALG00010024507		Down	
luanchao	ENSGALG00010003010		Down	
luanchao	ENSGALG00010025952		Down	
luanchao	ENSGALG00010002935	SYTL5	Down	
luanchao	ENSGALG00010010396		Up	
luanchao	ENSGALG00010016791	LRRTM1	Up	
luanchao	ENSGALG00010012582	CD24	Down	
luanchao	ENSGALG00010028161	LOC121106469	Up	
luanchao	ENSGALG00010013170	COL3A1	Up	
luanchao	ENSGALG00010004874		Up	
luanchao	ENSGALG00010008509	MGARP	Down	
luanchao	ENSGALG00010010019		Up	
luanchao	ENSGALG00010027201	BGN	Up	
luanchao	ENSGALG00010027141	PIGR	Down	
luanchao	ENSGALG00010025787	KCNE4	Up	
luanchao	ENSGALG00010017052		Up	
luanchao	ENSGALG00010003920	LPAR6	Up	
luanchao	ENSGALG00010017581	EFCAB11	Down	
luanchao	ENSGALG00010027986	CGN	Down	
luanchao	ENSGALG00010011648	LOC428714	Up	
luanchao	ENSGALG00010002840	SRPX	Up	
luanchao	ENSGALG00010021352	CFAP43	Down	
luanchao	ENSGALG00010029568	AGPAT1	Up	
luanchao	ENSGALG00010021228	ESRP2	Down	
luanchao	ENSGALG00010009583	LYPD6B	Down	
luanchao	ENSGALG00010004949	RAB39A	Up	
luanchao	ENSGALG00010012206	RIBC1	Up	
luanchao	ENSGALG00010028177	COMP	Up	
luanchao	ENSGALG00010029366	MGAT5B	Up	
luanchao	ENSGALG00010013941		Up	
luanchao	ENSGALG00010003764	HDAC9	Up	
luanchao	ENSGALG00010001226	VEPH1	Down	
luanchao	ENSGALG00010004708		Up	
luanchao	ENSGALG00010026628	FYB2	Down	
luanchao	ENSGALG00010016006	PLTP	Up	
luanchao	ENSGALG00010011004	UMODL1	Down	
luanchao	ENSGALG00010029556	NPTX1	Down	
luanchao	ENSGALG00010023617		Up	
luanchao	ENSGALG00010015800	BVES	Down	
luanchao	ENSGALG00010015663	AK7	Down	
luanchao	ENSGALG00010029067		Down	
luanchao	ENSGALG00010013824	AHR2	Down	
luanchao	ENSGALG00010003456	CDS1	Down	
luanchao	ENSGALG00010016805	FOXI3	Down	
luanchao	ENSGALG00010003197		Down	
luanchao	ENSGALG00010013337	RAB19	Down	
luanchao	ENSGALG00010023420		Down	
luanchao	ENSGALG00010013339	ATP6V0D2	Down	
luanchao	ENSGALG00010006389		Up	
luanchao	ENSGALG00010025092	COL1A1	Up	
luanchao	ENSGALG00010013157		Down	
luanchao	ENSGALG00010017602	SLC7A14	Down	
luanchao	ENSGALG00010025112		Up	
luanchao	ENSGALG00010017044		Down	
luanchao	ENSGALG00010017100	SUSD5	Up	
luanchao	ENSGALG00010029623	GAS2L2	Up	
luanchao	ENSGALG00010014972	FGA	Down	
luanchao	ENSGALG00010003307	COL1A2	Up	
luanchao	ENSGALG00010024175	LOC121106449	Up	
luanchao	ENSGALG00010006457	NCAPH2	Down	
luanchao	ENSGALG00010015160	SIM1	Down	
luanchao	ENSGALG00010011974	LOC426220	Down	
luanchao	ENSGALG00010018110	CFAP65	Down	
luanchao	ENSGALG00010021522		Up	
luanchao	ENSGALG00010005927		Down	
luanchao	ENSGALG00010006058	LOC101750451	Up	
luanchao	ENSGALG00010006058	LOC121108484	Up	
luanchao	ENSGALG00010017424	APOD	Up	
luanchao	ENSGALG00010017904	MEGF11	Down	
luanchao	ENSGALG00010029737	EVPL	Down	
luanchao	ENSGALG00010004516	LOC121109895	Down	
luanchao	ENSGALG00010024746	HOXD4	Down	
luanchao	ENSGALG00010022757	HOATZ	Down	
luanchao	ENSGALG00010029300	TEKT1	Down	
luanchao	ENSGALG00010025309	GALR1L	Down	
luanchao	ENSGALG00010017954	PTGER2	Up	
luanchao	ENSGALG00010013667	SOWAHA	Down	
luanchao	ENSGALG00010015277		Down	
luanchao	ENSGALG00010028990		Down	
luanchao	ENSGALG00010011674	SERPINB2	Up	
luanchao	ENSGALG00010012497	PLCXD3	Up	
luanchao	ENSGALG00010026252	ENO2	Up	
luanchao	ENSGALG00010017155	BFSP2	Down	
luanchao	ENSGALG00010023349	MUC5ACL	Down	
luanchao	ENSGALG00010003765	SPINK2	Down	
luanchao	ENSGALG00010003074	TTPA	Down	
luanchao	ENSGALG00010008084	CYP2AC1	Down	
luanchao	ENSGALG00010028551	NCS1	Up	
luanchao	ENSGALG00010019379		Down	
luanchao	ENSGALG00010007611		Down	
luanchao	ENSGALG00010012836		Up	
luanchao	ENSGALG00010018646		Up	
luanchao	ENSGALG00010022812		Down	
luanchao	ENSGALG00010021482	TRPV6	Down	
luanchao	ENSGALG00010020382	MFAP2	Up	
luanchao	ENSGALG00010009254	SLC26A4	Down	
luanchao	ENSGALG00010014888		Up	
luanchao	ENSGALG00010023886	CYP2C18	Down	
luanchao	ENSGALG00010028849	CCDC180	Down	
luanchao	ENSGALG00010023246	SP5	Down	
luanchao	ENSGALG00010001931		Down	
luanchao	ENSGALG00010023293	COL11A1	Up	
luanchao	ENSGALG00010027751	ANGPTL4	Up	
luanchao	ENSGALG00010007937	ANGPTL5	Up	
luanchao	ENSGALG00010004441		Up	
luanchao	ENSGALG00010029624	RASL10B	Up	
luanchao	ENSGALG00010024936	EHF	Down	
luanchao	ENSGALG00010008042	LOC421965	Down	
luanchao	ENSGALG00010026793		Down	
luanchao	ENSGALG00010025151		Up	
luanchao	ENSGALG00010029661	KRABZFP	Up	
luanchao	ENSGALG00010020232	SLC6A5	Down	
luanchao	ENSGALG00010028504		Down	
luanchao	ENSGALG00010014602	FRK	Down	
luanchao	ENSGALG00010010568		Up	
luanchao	ENSGALG00010023552	SGPP2	Down	
luanchao	ENSGALG00010019080		Up	
luanchao	ENSGALG00010024007	CA15L	Down	
luanchao	ENSGALG00010021423	LOC121110329	Down	
luanchao	ENSGALG00010009620	TMOD1	Down	
luanchao	ENSGALG00010008826		Up	
luanchao	ENSGALG00010007936	COL15A1	Up	
luanchao	ENSGALG00010002774	TBX18	Down	
luanchao	ENSGALG00010017604	GATM	Down	
luanchao	ENSGALG00010006386		Up	
luanchao	ENSGALG00010004710		Up	
luanchao	ENSGALG00010019688	OTX2	Down	
luanchao	ENSGALG00010014952	C21orf58	Down	
luanchao	ENSGALG00010005560	RSPH3	Down	
luanchao	ENSGALG00010025308		Down	
luanchao	ENSGALG00010026626	LOC101751123	Down	
luanchao	ENSGALG00010003223	AREG	Down	
luanchao	ENSGALG00010026818		Down	
luanchao	ENSGALG00010002819	BMP3	Down	
luanchao	ENSGALG00010015020	NIPAL4	Down	
luanchao	ENSGALG00010014128	COL4A1	Up	
luanchao	ENSGALG00010029273	SLC13A5	Down	
luanchao	ENSGALG00010011567	LOC100857686	Up	
luanchao	ENSGALG00010023413	LOC121111212	Down	
luanchao	ENSGALG00010009209	SLC6A19	Down	
luanchao	ENSGALG00010017812		Down	
luanchao	ENSGALG00010005138	LOC422654	Down	
luanchao	ENSGALG00010007514	VIT	Up	
luanchao	ENSGALG00010010976	DYDC2	Down	
luanchao	ENSGALG00010020128	KIF6	Down	
luanchao	ENSGALG00010018318		Up	
luanchao	ENSGALG00010001028		Down	
luanchao	ENSGALG00010022581	TMEM125	Down	
luanchao	ENSGALG00010024295		Down	
luanchao	ENSGALG00010012491		Down	
luanchao	ENSGALG00010006646		Up	
luanchao	ENSGALG00010012923	MLA	Up	
luanchao	ENSGALG00010025189		Down	
luanchao	ENSGALG00010004129		Down	
luanchao	ENSGALG00010009886		Down	
luanchao	ENSGALG00010014115	LOC107056377	Down	
luanchao	ENSGALG00010023433		Down	
luanchao	ENSGALG00010004359	APOV1	Up	
luanchao	ENSGALG00010014054	LOC419276	Down	
luanchao	ENSGALG00010001327	LOC107052436	Up	
luanchao	ENSGALG00010004882	LOC121110356	Down	
luanchao	ENSGALG00010012489	GBX2	Down	
luanchao	ENSGALG00010021764	FAM222A	Down	
luanchao	ENSGALG00010002027	LRRC30	Down	
luanchao	ENSGALG00010016263	F12	Down	
luanchao	ENSGALG00010010449	PAPPA2	Down	
luanchao	ENSGALG00010017512	SPIA9	Down	
luanchao	ENSGALG00010029008		Down	
luanchao	ENSGALG00010023587	SLC12A3	Down	
luanchao	ENSGALG00010027512		Down	
luanchao	ENSGALG00010024724	HOXD3	Down	
luanchao	ENSGALG00010021914	LOC112533198	Down	
luanchao	ENSGALG00010026474	LOC121107673	Up	
luanchao	ENSGALG00010015790		Up	
luanchao	ENSGALG00010008261	CRX	Up	
luanchao	ENSGALG00010013566		Up	
luanchao	ENSGALG00010027900	REN	Down	
luanchao	ENSGALG00010022609	RBBP8NL	Down	
luanchao	ENSGALG00010027762		Down	
luanchao	ENSGALG00010001854	CHRDL2	Up	
luanchao	ENSGALG00010003698	MACC1	Down	
luanchao	ENSGALG00010026323		Down	
luanchao	ENSGALG00010028965		Down	
luanchao	ENSGALG00010009995	SEPTIN3	Down	
luanchao	ENSGALG00010021696	FBXO47	Down	
luanchao	ENSGALG00010001216	SHOX2	Down	
luanchao	ENSGALG00010019853		Down	
luanchao	ENSGALG00010022382	CALB2	Up	
luanchao	ENSGALG00010002249		Down	
luanchao	ENSGALG00010022465		Down	
luanchao	ENSGALG00010007564	IRX4	Down	
luanchao	ENSGALG00010002005	COLQ	Down	
luanchao	ENSGALG00010012554		Up	
luanchao	ENSGALG00010028510	CILP2	Up	
luanchao	ENSGALG00010009376	CDO1	Up	
luanchao	ENSGALG00010020547		Down	
luanchao	ENSGALG00010027473	DH1	Down	
luanchao	ENSGALG00010006999		Down	
luanchao	ENSGALG00010003415	FOLR1	Down	
luanchao	ENSGALG00010011616	SLC5A8	Down	
luanchao	ENSGALG00010017146	SKOR1	Down	
luanchao	ENSGALG00010023543	TMEM45L	Down	
luanchao	ENSGALG00010007907	IRX2	Down	
luanchao	ENSGALG00010028624		Down	
luanchao	ENSGALG00010024012		Down	
luanchao	ENSGALG00010027265	IP6K3	Up	
luanchao	ENSGALG00010000108	LOC121112483	Down	
luanchao	ENSGALG00010001612	HPX	Up	
luanchao	ENSGALG00010015467		Down	
luanchao	ENSGALG00010015648	LOC693258	Up	
luanchao	ENSGALG00010017584	WNT11B	Down	
luanchao	ENSGALG00010027220	ANKRD24	Down	
luanchao	ENSGALG00010023480		Down	
luanchao	ENSGALG00010026333		Down	
luanchao	ENSGALG00010006795		Up	
luanchao	ENSGALG00010002839		Down	
luanchao	ENSGALG00010023965		Up	
luanchao	ENSGALG00010000447	SDSL	Down	
luanchao	ENSGALG00010002801		Down	
luanchao	ENSGALG00010014538		Down	
luanchao	ENSGALG00010027728	CRNN	Down	
luanchao	ENSGALG00010011772	GRHL2	Down	
luanchao	ENSGALG00010004180		Down	
luanchao	ENSGALG00010005348		Up	
luanchao	ENSGALG00010024239		Up	
luanchao	ENSGALG00010019751		Down	
luanchao	ENSGALG00010007181	GJB2	Down	
luanchao	ENSGALG00010019341		Down	
luanchao	ENSGALG00010023718		Down	
luanchao	ENSGALG00010011668	SLCO1A2	Down	
luanchao	ENSGALG00010014751		Down	
luanchao	ENSGALG00010010390	KCNK3	Up	
luanchao	ENSGALG00010008597		Up	
luanchao	ENSGALG00010000786	ANKRD33B	Down	
luanchao	ENSGALG00010005972		Up	
luanchao	ENSGALG00010004832	C6orf58	Down	
mangchang	ENSGALG00010029213	APOH	Down	
mangchang	ENSGALG00010020835	PTGR2	Up	
mangchang	ENSGALG00010008664	TM4SF1a	Down	
mangchang	ENSGALG00010006617		Down	
pengda	ENSGALG00010008416	MSX2	Up	
pengda	ENSGALG00010009910	SMAD7	Up	
pengda	ENSGALG00010014696	SPINK5	Up	
pengda	ENSGALG00010011085	UGT1A1	Up	
pengda	ENSGALG00010026972	TNNT3	Up	
pengda	ENSGALG00010017821	BMP8A	Up	
pengda	ENSGALG00010024373	TCAP	Up	
pengda	ENSGALG00010024982	BHLHE23	Up	
pengda	ENSGALG00010004219	FGF2	Up	
pengda	ENSGALG00010011780	SERPINB5	Up	
pengda	ENSGALG00010027578	GSL	Down	
pengda	ENSGALG00010004996	GPR158	Up	
pengda	ENSGALG00010007571	MMP1	Up	
pengda	ENSGALG00010009062	MIR1627	Up	
pengda	ENSGALG00010024099		Down	
pengda	ENSGALG00010006816	LOC107056139	Down	
pengda	ENSGALG00010015909	TNNC2	Up	
pengda	ENSGALG00010004377	AGR2	Up	
pengda	ENSGALG00010018770	UTS2	Up	
pengda	ENSGALG00010024594	TNNI2	Up	
pengda	ENSGALG00010004780	KIF20AL	Down	
pengda	ENSGALG00010012854	LECT2	Down	
pengda	ENSGALG00010014578		Down	
pengda	ENSGALG00010025418	CASQ2	Up	
pengda	ENSGALG00010027152	C4BPS	Down	
pengda	ENSGALG00010028763	CTSK	Down	
pengda	ENSGALG00010014690	CSF3R	Down	
pengda	ENSGALG00010010356	STAB2	Down	
pengda	ENSGALG00010002375	NPY	Down	
shierzhichang	ENSGALG00010021019	VSIG10	Down	
shierzhichang	ENSGALG00010008392	CD36	Down	
shierzhichang	ENSGALG00010023683	LOC121110829	Down	
shierzhichang	ENSGALG00010009376	CDO1	Down	
shierzhichang	ENSGALG00010020835	PTGR2	Up	
shierzhichang	ENSGALG00010018094		Down	
shierzhichang	ENSGALG00010021028	CFAP73	Down	
shierzhichang	ENSGALG00010013578		Up	
shierzhichang	ENSGALG00010007232		Up	
shierzhichang	ENSGALG00010013290	AKR1D1	Up	
shierzhichang	ENSGALG00010026783		Down	
shierzhichang	ENSGALG00010013752		Down	
shierzhichang	ENSGALG00010019707	SLC5A12	Down	
shierzhichang	ENSGALG00010022531	LOC101747844	Down	
shierzhichang	ENSGALG00010007571	MMP1	Down	
shierzhichang	ENSGALG00010014164		Down	
shierzhichang	ENSGALG00010028834		Down	
xiaqiunao	ENSGALG00010024495	CLDN5	Down	
yixian	ENSGALG00010021140	SLC11A1	Down	
yixian	ENSGALG00010012850	CALB1	Up	
yixian	ENSGALG00010008392	CD36	Down	
yixian	ENSGALG00010013339	ATP6V0D2	Down	
yixian	ENSGALG00010014122	ABCA1	Down	
yixian	ENSGALG00010022243	SLC28A2	Up	
yixian	ENSGALG00010020835	PTGR2	Up	
zigong	ENSGALG00010018420	RHOQ	Up	
zigong	ENSGALG00010018849	KCNH1	Up	
zigong	ENSGALG00010011984	FN1	Up	
zigong	ENSGALG00010017474	LOC112532355	Up	
zigong	ENSGALG00010018949		Up	
zigong	ENSGALG00010022174	KCNMA1	Up	
zigong	ENSGALG00010017469		Up	
zigong	ENSGALG00010018380	SLC20A1	Up	
zigong	ENSGALG00010001633		Up	
zigong	ENSGALG00010010275	PDE8B	Up	
zigong	ENSGALG00010016868	NIPAL1	Up	
zigong	ENSGALG00010024740	SLC38A8	Up	
zigong	ENSGALG00010029676	FADS6	Up	
zigong	ENSGALG00010015908	CHRD	Up	
zigong	ENSGALG00010008240	RCAN2	Up	
zigong	ENSGALG00010017782	IGDCC4	Up	
zigong	ENSGALG00010014092	TYRP1	Down	
zigong	ENSGALG00010019473	OXTR	Up	
zigong	ENSGALG00010005479	LOC421108	Up	
zigong	ENSGALG00010021716	TFCP2L1	Up	
zigong	ENSGALG00010011816	SLCO1B1	Down	
zigong	ENSGALG00010021611	GREM1	Up	
zigong	ENSGALG00010021754	SLC17A9	Up	
zigong	ENSGALG00010016523	LOC121107350	Down	
zigong	ENSGALG00010025890	SCG2	Up	
zigong	ENSGALG00010007433	RNF144B	Down	
zigong	ENSGALG00010009575	RHOBTB1	Up	
zigong	ENSGALG00010025691		Up	
zigong	ENSGALG00010023089	KRT9	Up	
zigong	ENSGALG00010023702	COL4A4	Up	
zigong	ENSGALG00010012371	ATP6V1G3	Up	
zigong	ENSGALG00010011406	UBE2R2	Up	
zigong	ENSGALG00010026893	FKBP5	Down	
zigong	ENSGALG00010013884	GRXCR1	Down	
zigong	ENSGALG00010008880	FMN2	Down	
zigong	ENSGALG00010022309	WSCD2	Up	
zigong	ENSGALG00010013347		Down	
zigong	ENSGALG00010027701	NHLH1	Down	
zigong	ENSGALG00010015563	B3GNT7	Up	
zigong	ENSGALG00010013296	AGXT2	Down	
zigong	ENSGALG00010015410	HTR2B	Up	
zigong	ENSGALG00010023831	SATB2	Up	
zigong	ENSGALG00010018532	MFSD13A	Up	
zigong	ENSGALG00010014104	ALDH1A1	Up	
zigong	ENSGALG00010004949	RAB39A	Up	
zigong	ENSGALG00010011679	OVAL	Up	
zigong	ENSGALG00010018387	NT5DC4	Up	
zigong	ENSGALG00010023187	LOC772158	Down	
zigong	ENSGALG00010012809	RHOBTB3	Up	
zigong	ENSGALG00010013078	COL5A2	Down	
zigong	ENSGALG00010013660	CDX1	Down	
zigong	ENSGALG00010027277	KCND3	Up	
zigong	ENSGALG00010020811	MCOLN2	Up	
zigong	ENSGALG00010023119	NDRG4	Up	
zigong	ENSGALG00010016457	SMOX	Up	
zigong	ENSGALG00010002389	COL21A1	Up	
zigong	ENSGALG00010012096	Lnx2b	Up	
zigong	ENSGALG00010003198	PRKG2	Up	
zigong	ENSGALG00010021813	WDR72	Up	
zigong	ENSGALG00010008637	RGS7	Up	
zigong	ENSGALG00010010383	SLIT2	Up	
zigong	ENSGALG00010013071		Down	
zigong	ENSGALG00010020664	ESYT3	Up	
zigong	ENSGALG00010000040		Up	
zigong	ENSGALG00010014777	APCDD1L	Down	
zigong	ENSGALG00010015647	PDZD2	Up	
zigong	ENSGALG00010021834	LOC112533511	Up	
zigong	ENSGALG00010026885	TULP1	Down	
zigong	ENSGALG00010018672	PKDCCA	Up	
zigong	ENSGALG00010016083	CDH22	Up	
zigong	ENSGALG00010022942	NEU2	Up	
zigong	ENSGALG00010005198	TRPC3	Up	
zigong	ENSGALG00010027837	LOC419830	Down	
zigong	ENSGALG00010021141	SGSM1	Up	
zigong	ENSGALG00010019614	MICALL2	Up	
zigong	ENSGALG00010004337	BMPR1B	Down	
zigong	ENSGALG00010018123	USP13	Down	
zigong	ENSGALG00010023013	VWA5A2	Up	
zigong	ENSGALG00010020095	LRFN2	Up	
zigong	ENSGALG00010024270	RAB18L	Up	
zigong	ENSGALG00010013341		Down	
zigong	ENSGALG00010026436	PLCD1	Up	
zigong	ENSGALG00010010410	CAC2D1	Down	
zigong	ENSGALG00010017326	STON1	Up	
zigong	ENSGALG00010022875	SPON1	Up	
zigong	ENSGALG00010017296	SCNN1G	Up	
zigong	ENSGALG00010002469	MEPE	Up	
zigong	ENSGALG00010009769	TMCC3	Up	
zigong	ENSGALG00010017169	C14orf105	Up	
zigong	ENSGALG00010008641	HEPHL1	Up	
zigong	ENSGALG00010002428	IBSP	Up	
zigong	ENSGALG00010002428	DMP1	Up	
zigong	ENSGALG00010006608	KL	Down	
zigong	ENSGALG00010016772	TSPAN6	Up	
zigong	ENSGALG00010015177	TC2N	Up	
zigong	ENSGALG00010016241	LOC121106513	Up	
zigong	ENSGALG00010025463		Up	
zigong	ENSGALG00010029678	USH1G	Up	
zigong	ENSGALG00010012157	H2BC34	Up	
zigong	ENSGALG00010012157	H2BC32	Up	
zigong	ENSGALG00010012157	H2BC31	Up	
zigong	ENSGALG00010018149	PITPNC1L	Up	
zigong	ENSGALG00010027616	SLC38A3	Up	
zigong	ENSGALG00010003884	TYMS	Down	
zigong	ENSGALG00010019292		Up	
zigong	ENSGALG00010020672	RNF186	Down	
zigong	ENSGALG00010009888		Down	
zigong	ENSGALG00010004072	SGK3	Up	
zigong	ENSGALG00010006623	LOC107052071	Up	
zigong	ENSGALG00010012111	DRD1	Up	
zigong	ENSGALG00010016955	LOC424998	Up	
zigong	ENSGALG00010025559	SLC6A17	Up	
zigong	ENSGALG00010003518	CYP7A1	Down	down
zigong	ENSGALG00010014161	GFRA3	Up	
zigong	ENSGALG00010017240	MELTF	Down	down
zigong	ENSGALG00010002590	ATP6V1C2	Up	
zigong	ENSGALG00010003892	OPRK1	Up	
zigong	ENSGALG00010026972	TNNT3	Up	
zigong	ENSGALG00010003448		Up	
zigong	ENSGALG00010016874	ADAMTSL3	Down	
zigong	ENSGALG00010025214	LRP8	Up	
zigong	ENSGALG00010012983		Down	
zigong	ENSGALG00010010461	SLC7A5	Up	
zigong	ENSGALG00010019498	LOC415478	Up	
zigong	ENSGALG00010022974	INPP5D	Up	
zigong	ENSGALG00010029864	SLC16A3	Up	
zigong	ENSGALG00010018364		Up	
zigong	ENSGALG00010028488	PTGES	Up	
zigong	ENSGALG00010024728	SLC5A9	Up	
zigong	ENSGALG00010018166	MSS51	Up	
zigong	ENSGALG00010010663	EFR3B	Up	
zigong	ENSGALG00010022691	ASIC2	Up	
zigong	ENSGALG00010018368		Up	
zigong	ENSGALG00010028900	TNC	Down	
zigong	ENSGALG00010008042	LOC421965	Down	
zigong	ENSGALG00010005337	DCTN1	Down	
zigong	ENSGALG00010010556	POMC	Up	
zigong	ENSGALG00010007962	ADCY8	Down	
zigong	ENSGALG00010001298	DOCK4	Up	
zigong	ENSGALG00010001918	CNKSR2	Down	
zigong	ENSGALG00010017554	FAM131A	Up	
zigong	ENSGALG00010005090		Up	
zigong	ENSGALG00010010919	CDHR1	Up	
zigong	ENSGALG00010025864		Up	
zigong	ENSGALG00010029679	OTOP2	Up	
zigong	ENSGALG00010023349	MUC5ACL	Down	
zigong	ENSGALG00010002309	GADL1	Up	
zigong	ENSGALG00010004586	LOC421125	Up	
zigong	ENSGALG00010013380	PHGDH	Up	
zigong	ENSGALG00010015332		Down	
zigong	ENSGALG00010026786		Up	
zigong	ENSGALG00010001210	PANX2	Down	
zigong	ENSGALG00010021779	UNC13C	Up	
zigong	ENSGALG00010021779	LOC415414	Up	
zigong	ENSGALG00010009404	GNG4	Up	
zigong	ENSGALG00010017575	CLCN2	Up	
zigong	ENSGALG00010003240	PLACL2	Down	
zigong	ENSGALG00010026238		Down	
zigong	ENSGALG00010003726	ENPEP	Down	
zigong	ENSGALG00010008068		Down	
zigong	ENSGALG00010021731	SRM	Up	
zigong	ENSGALG00010017265		Up	
zigong	ENSGALG00010008824	GREM2	Down	
zigong	ENSGALG00010015766	TLE1	Down	
zigong	ENSGALG00010009376	CDO1	Down	
zigong	ENSGALG00010021367	GRIP2	Up	
zigong	ENSGALG00010015560		Down	
zigong	ENSGALG00010018954		Down	
zigong	ENSGALG00010013556	RASL11B	Down	
zigong	ENSGALG00010004669	ELMOD1	Up	
zigong	ENSGALG00010009689	GPRC5A	Up	
zigong	ENSGALG00010012887	KCNJ4	Up	
zigong	ENSGALG00010029233	CBX2	Down	
zigong	ENSGALG00010012120	RBM44	Down	
zigong	ENSGALG00010015114	CDC20B	Down	
zigong	ENSGALG00010025010	SLC7A10	Up	
zigong	ENSGALG00010003115	UBE3D	Up	
zigong	ENSGALG00010014442	SHISA3	Down	
zigong	ENSGALG00010003821	RUBCNL	Up	
zigong	ENSGALG00010018838	WFIKKN1	Down	
zigong	ENSGALG00010025865	LGR6	Down	
zigong	ENSGALG00010003220	SPP1	Up	
zigong	ENSGALG00010008444	SLC7A11	Down	
zigong	ENSGALG00010019396		Down	
zigong	ENSGALG00010004256	DSC1	Down	down
zigong	ENSGALG00010013574	NR2F1	Down	
zigong	ENSGALG00010007771	CAPN9	Down	
zigong	ENSGALG00010027653	WNT7A	Up	
zigong	ENSGALG00010029817		Down	
zigong	ENSGALG00010027157	CD55	Up	
zigong	ENSGALG00010005069		Up	
zigong	ENSGALG00010004128	MCMDC2	Up	
zigong	ENSGALG00010014723		Up	
zigong	ENSGALG00010017231		Down	
zigong	ENSGALG00010023295		Down	
zigong	ENSGALG00010015371		Up	
zigong	ENSGALG00010023776	LOC101749984	Up	
zigong	ENSGALG00010018127		Up	
zigong	ENSGALG00010022168		Down	
zigong	ENSGALG00010010930	FAM163A	Up	
zigong	ENSGALG00010023765	LOC107053681	Up	
zigong	ENSGALG00010021685		Up	
zigong	ENSGALG00010011905		Down	
zigong	ENSGALG00010020353		Down	
zigong	ENSGALG00010017748		Up	
zigong	ENSGALG00010015737		Down	
zigong	ENSGALG00010016231		Up	
zigong	ENSGALG00010023423		Up	
zigong	ENSGALG00010017743	KCNH5	Up	
zigong	ENSGALG00010016735	LOC422895	Down	
zigong	ENSGALG00010023625		Down	
zigong	ENSGALG00010021930		Down	
zigong	ENSGALG00010000661		Up	
zigong	ENSGALG00010024860	NEU4	Up	
zigong	ENSGALG00010017058		Up	
zigong	ENSGALG00010010031		Up	
zigong	ENSGALG00010014944	FGB	Down	
zigong	ENSGALG00010020006	PLB1	Down	
zigong	ENSGALG00010002883	MAP3K15	Up	
zigong	ENSGALG00010011714	OVALX	Up	
zigong	ENSGALG00010019997	FSHR	Up	
zigong	ENSGALG00010029088		Down	
zigong	ENSGALG00010020995		Down	
zigong	ENSGALG00010017258		Up	
zigong	ENSGALG00010003223	AREG	Up	
zigong	ENSGALG00010023369	ACE	Down	
zigong	ENSGALG00010013342	REG4A	Up	
zigong	ENSGALG00010025466		Up	
zigong	ENSGALG00010010812		Up	
zigong	ENSGALG00010012979	HTR1A	Up	
zigong	ENSGALG00010006901	TUBAL3	Down	
zigong	ENSGALG00010018610		Down	
zigong	ENSGALG00010027141	PIGR	Down	
zigong	ENSGALG00010009266	PCDH7	Up	
zigong	ENSGALG00010001457	NDC80	Down	down
zigong	ENSGALG00010025934		Up	
zigong	ENSGALG00010011204	LOC768772	Up	
zigong	ENSGALG00010017003	CPZ	Up	
zigong	ENSGALG00010017158		Up	
zigong	ENSGALG00010011265		Up	
zigong	ENSGALG00010021910		Down	
zigong	ENSGALG00010024745	PMEL	Down	
zigong	ENSGALG00010021532	DPP10	Down	
zigong	ENSGALG00010011248	OvoDA1-2	Down	
zigong	ENSGALG00010012303	CA9	Down	
zigong	ENSGALG00010021409	MEGF6	Down	
zigong	ENSGALG00010026713		Up	
zigong	ENSGALG00010011674	SERPINB2	Up	
zigong	ENSGALG00010009212	NXPH2	Up	
zigong	ENSGALG00010012126	SIGLEC15	Up	
zigong	ENSGALG00010002485		Up	
zigong	ENSGALG00010021718	SST7	Up	
zigong	ENSGALG00010019314	GKN2	Up	
zigong	ENSGALG00010021683	HFM1	Down	
zigong	ENSGALG00010022612		Up	
zigong	ENSGALG00010019331	CEMIP	Up	
zigong	ENSGALG00010000445	LHX5	Down	
zigong	ENSGALG00010020835	PTGR2	Up	
zigong	ENSGALG00010014538		Down	
zigong	ENSGALG00010009344	ENPP2	Down	
zigong	ENSGALG00010016567	E2F2	Down	
zigong	ENSGALG00010011074		Up	
zigong	ENSGALG00010028509	LOC100859850	Up	
zigong	ENSGALG00010019617	ANO3	Down	
zigong	ENSGALG00010010795		Up	
zigong	ENSGALG00010002655	FABP4	Down	
zigong	ENSGALG00010018260	LOC112532522	Up	
zigong	ENSGALG00010011257	OvoDA3	Down	
zigong	ENSGALG00010017270		Up	
zigong	ENSGALG00010005232	GATA3	Down	
zigong	ENSGALG00010026318		Down	
zigong	ENSGALG00010001287	PLPP4	Down	
zigong	ENSGALG00010016296		Up	
zigong	ENSGALG00010016760	DLK1	Up	
zigong	ENSGALG00010029869		Down	
zigong	ENSGALG00010022793		Up	
zigong	ENSGALG00010012207	GRIA3	Down	
zigong	ENSGALG00010022145	P2RX2	Down	
zigong	ENSGALG00010018614		Down	
zigong	ENSGALG00010022249	DRD4	Up	
zigong	ENSGALG00010015391	SYN3	Down	
zigong	ENSGALG00010022113		Up	
zigong	ENSGALG00010002141	LOC776232	Up	
zigong	ENSGALG00010002141	LOC100857884	Up	
zigong	ENSGALG00010002141	LOC121107953	Up	
zigong	ENSGALG00010002141	LOC121112386	Up	
zigong	ENSGALG00010002141	LOC121112400	Up	
zigong	ENSGALG00010002141	LOC121112401	Up	
zigong	ENSGALG00010019711		Down	
zigong	ENSGALG00010003499	OR52B2	Up	
zigong	ENSGALG00010010099	TNR	Down	
zigong	ENSGALG00010001125	CLRN1	Up	
zigong	ENSGALG00010005999	PDE10A	Up	
zigong	ENSGALG00010017486	LOC112532352	Up	
zigong	ENSGALG00010012524		Up	
zigong	ENSGALG00010021234	ISLR2	Up	
zigong	ENSGALG00010015163	PLK2	Up	
zigong	ENSGALG00010013399	FGF1	Up	
zigong	ENSGALG00010030046		Down	
zigong	ENSGALG00010017155	BFSP2	Up	
zigong	ENSGALG00010015002	ADAM19	Down	
zigong	ENSGALG00010002282	TSKU	Up	
zigong	ENSGALG00010012427	C7	Down	
zigong	ENSGALG00010023854	SHCBP1	Down	
zigong	ENSGALG00010021294		Up	
zigong	ENSGALG00010024262		Down	
zigong	ENSGALG00010015610	MYOT	Down	
zigong	ENSGALG00010025771		Down	
zigong	ENSGALG00010013232	FHL2	Down	
zigong	ENSGALG00010026415		Up	
zigong	ENSGALG00010020196		Up	
zigong	ENSGALG00010015802	TRPC7	Up	
zigong	ENSGALG00010011987	H2BC34	Up	
zigong	ENSGALG00010011987	H2BC32	Up	
zigong	ENSGALG00010016210		Down	
zigong	ENSGALG00010006212	FOS	Up	
zigong	ENSGALG00010004710		Up	
zigong	ENSGALG00010013100	ZFPM2	Down	
zigong	ENSGALG00010016992		Up	
zigong	ENSGALG00010019325	SLITRK4	Down	
zigong	ENSGALG00010014338	BHLHE41	Up	up
zigong	ENSGALG00010020778	SLIT1	Down	
zigong	ENSGALG00010005720	COL25A1	Down	
zigong	ENSGALG00010016030	TGM4	Down	
zigong	ENSGALG00010004153	LOC107051692	Up	
zigong	ENSGALG00010021630	VTG1	Down	
zigong	ENSGALG00010021871		Up	
zigong	ENSGALG00010001577	NKX6-2	Up	
zigong	ENSGALG00010024333	ETV4	Up	
zigong	ENSGALG00010016805	FOXI3	Down	
zigong	ENSGALG00010005094	AFP	Down	
zigong	ENSGALG00010022633		Up	
zigong	ENSGALG00010024875	GAL3ST2	Up	
zigong	ENSGALG00010014515	ETNK1	Up	
zigong	ENSGALG00010024443	LOC107053990	Up	
zigong	ENSGALG00010021172	SLC29A4	Up	
zigong	ENSGALG00010025000		Up	
zigong	ENSGALG00010007947	LYPD2	Up	
zigong	ENSGALG00010017399	CPXM1	Down	
zigong	ENSGALG00010029680	OTOP3	Up	
zigong	ENSGALG00010005127	GATA6	Up	
zigong	ENSGALG00010018617		Down	
zigong	ENSGALG00010021559	MYO1H	Up	
zigong	ENSGALG00010018805		Down	
zigong	ENSGALG00010006230	LOC101748187	Up	
zigong	ENSGALG00010019781		Up	
zigong	ENSGALG00010016059	EPDR1	Down	
zigong	ENSGALG00010014081		Up	
zigong	ENSGALG00010023206	HSPB9	Down	
zigong	ENSGALG00010018361	ASIC4	Up	
zigong	ENSGALG00010016853	LOC100859173	Up	
zigong	ENSGALG00010014989		Up	
zigong	ENSGALG00010022678		Down	
zigong	ENSGALG00010025421	NR4A1	Up	
zigong	ENSGALG00010018690	C16orf89	Up	
zigong	ENSGALG00010017515	SPIA3	Down	
zigong	ENSGALG00010024983	APOF	Down	
zigong	ENSGALG00010023003	A2ML3	Up	
zigong	ENSGALG00010014864		Up	
zigong	ENSGALG00010022972	A2M	Up	
zigong	ENSGALG00010003186	CYP21A1	Down	
zigong	ENSGALG00010015106		Up	
zigong	ENSGALG00010015730		Up	
zigong	ENSGALG00010005825		Up	
zigong	ENSGALG00010015262		Up	
zigong	ENSGALG00010022626		Up	
zigong	ENSGALG00010010245	GALR3	Up	
zigong	ENSGALG00010017698	ADAM32	Down	
zigong	ENSGALG00010024706		Down	
zigong	ENSGALG00010003269	LOC428119	Down	
zigong	ENSGALG00010019092		Up	
zigong	ENSGALG00010013677	GABRG1	Down	
zigong	ENSGALG00010021384	ARTN	Up	
zigong	ENSGALG00010003322	EREG	Up	
zigong	ENSGALG00010001818	ADGRB3	Down	
zigong	ENSGALG00010001537		Down	
zigong	ENSGALG00010015020	NIPAL4	Up	
zigong	ENSGALG00010016747		Down	
zigong	ENSGALG00010004634		Up	
zigong	ENSGALG00010011475	NDP	Down	
zigong	ENSGALG00010010907		Down	
zigong	ENSGALG00010023609		Down	
zigong	ENSGALG00010010259	IGF1	Down	
zigong	ENSGALG00010010295		Down	
zigong	ENSGALG00010023240	PIWIL1	Down	
zigong	ENSGALG00010004534	CUBN	Down	
zigong	ENSGALG00010001130		Up	
zigong	ENSGALG00010015502	LOC107049084	Up	
zigong	ENSGALG00010017457	ZMAT4	Up	
zigong	ENSGALG00010028041	RORC	Down	
zigong	ENSGALG00010003237	LOC100859837	Down	
zigong	ENSGALG00010002261	NR0B1	Down	
zigong	ENSGALG00010004958	TPD52L1	Up	
zigong	ENSGALG00010018284	SPEG	Up	
zigong	ENSGALG00010010854	LRIT1	Up	
zigong	ENSGALG00010029778	DOC2B	Up	
zigong	ENSGALG00010024123	PLPPR4	Up	
zigong	ENSGALG00010022458	LOC107054434	Down	
zigong	ENSGALG00010019759	LOC121113253	Up	
zigong	ENSGALG00010027172	GDF15	Up	
zigong	ENSGALG00010009284	CCN3	Up	
zigong	ENSGALG00010015940		Down	
zigong	ENSGALG00010017434	FGF13	Up	
zigong	ENSGALG00010026755	KRT10	Up	
zigong	ENSGALG00010024675	NR1D1	Up	
zigong	ENSGALG00010001587		Up	
zigong	ENSGALG00010024157	CHRNB4	Up	
zigong	ENSGALG00010001417		Up	
zigong	ENSGALG00010007654	HTR1F	Down	
zigong	ENSGALG00010023736	LOC107050879	Down	
zigong	ENSGALG00010002356	WNT11	Up	
zigong	ENSGALG00010020046	BDNF	Up	
zigong	ENSGALG00010023605	INSYN1	Up	
zigong	ENSGALG00010021356		Up	
zigong	ENSGALG00010020214		Up	
zigong	ENSGALG00010012850	CALB1	Up	
zigong	ENSGALG00010017150		Up	
zigong	ENSGALG00010028508	LOC769486	Down	
zigong	ENSGALG00010008747	LOC112530507	Down	
zigong	ENSGALG00010023162	CHR4	Up	
zigong	ENSGALG00010029035		Down	
zigong	ENSGALG00010022821	A2ML2	Down	
zigong	ENSGALG00010029565	LPO	Down	
zigong	ENSGALG00010015784		Down	
zigong	ENSGALG00010018937	INHBB	Up	
zigong	ENSGALG00010020213		Up	
chuiti	ENSGALG00010009557	CIDEC		up
chuiti	ENSGALG00010022690	AICDA		down
chuiti	ENSGALG00010005405	CEBPD		down
chuiti	ENSGALG00010021509	DDIT4		down
chuiti	ENSGALG00010008392	CD36		down
chuiti	ENSGALG00010009444	NFIL3		down
chuiti	ENSGALG00010001149	CIDEA		up
chuiti	ENSGALG00010011283	LONRF3		down
chuiti	ENSGALG00010002285	CAV1		down
chuiti	ENSGALG00010025047	PER2		down
chuiti	ENSGALG00010012725	PASD1		down
chuiti	ENSGALG00010024602	PROCR		up
ganzang	ENSGALG00010025480	FGF19		up
ganzang	ENSGALG00010014946	PCK1		up
ganzang	ENSGALG00010012956	FABP3		up
ganzang	ENSGALG00010015585	BDKRB1		up
ganzang	ENSGALG00010006212	FOS		up
ganzang	ENSGALG00010023163	CRTAC1		up
ganzang	ENSGALG00010003518	CYP7A1		up
ganzang	ENSGALG00010023920	PDE11A		up
ganzang	ENSGALG00010019282	IGFBP2		up
ganzang	ENSGALG00010016647	EGR1		up
ganzang	ENSGALG00010011363	FDFT1		up
ganzang	ENSGALG00010016914	PDIA2		up
ganzang	ENSGALG00010017104	FANCL		up
ganzang	ENSGALG00010009530	KIF3C		up
ganzang	ENSGALG00010008860	SQLE		up
ganzang	ENSGALG00010005534	IDI2		up
ganzang	ENSGALG00010001976	THRSP		up
ganzang	ENSGALG00010002356	WNT11		up
ganzang	ENSGALG00010013339	ATP6V0D2		up
ganzang	ENSGALG00010021490	ACACB		up
ganzang	ENSGALG00010018902	NOXO1		up
ganzang	ENSGALG00010028918	AGPAT2		up
ganzang	ENSGALG00010029895	FASN		up
ganzang	ENSGALG00010002832	LPIN1		up
ganzang	ENSGALG00010019253	HBAD		up
ganzang	ENSGALG00010006201	SSTR1		up
ganzang	ENSGALG00010007877	MSMO1		up
ganzang	ENSGALG00010013452	LSS		up
ganzang	ENSGALG00010025549	DHCR24		up
ganzang	ENSGALG00010013184	LDHB		up
ganzang	ENSGALG00010012978	HSD17B7		up
ganzang	ENSGALG00010020994	DHCR7		up
ganzang	ENSGALG00010026886	JUN		up
ganzang	ENSGALG00010025905	CPT1A		up
ganzang	ENSGALG00010025351	CREB1		up
ganzang	ENSGALG00010005267	CYP51A1		up
ganzang	ENSGALG00010002600	TRPA1		up
ganzang	ENSGALG00010017490	SCNN1B		up
ganzang	ENSGALG00010019732	HBA1		up
ganzang	ENSGALG00010007181	GJB2		up
ganzang	ENSGALG00010024834	INSIG1		up
ganzang	ENSGALG00010020928	AACS		up
ganzang	ENSGALG00010012857	NSDHL		up
ganzang	ENSGALG00010016147	FABP1		up
ganzang	ENSGALG00010019430	ABHD12B		up
ganzang	ENSGALG00010013436	NPAS2		up
ganzang	ENSGALG00010009646	MVD		up
ganzang	ENSGALG00010001877	OAT		up
ganzang	ENSGALG00010003868	HBBA		up
ganzang	ENSGALG00010003322	EREG		up
ganzang	ENSGALG00010011128	GCNT4		up
ganzang	ENSGALG00010025047	PER2		up
ganzang	ENSGALG00010020246	ADAMTS9		up
ganzang	ENSGALG00010014847	PAICS		up
ganzang	ENSGALG00010011961	AGPAT3		up
ganzang	ENSGALG00010008417	IGFBP1		up
ganzang	ENSGALG00010005828	LPAR1		up
ganzang	ENSGALG00010012714	RGS2		up
ganzang	ENSGALG00010011029	HMGCR		up
ganzang	ENSGALG00010017467	SFRP1		up
ganzang	ENSGALG00010014883	PPAT		up
ganzang	ENSGALG00010019867	PEX11A		up
ganzang	ENSGALG00010004451	CLDND1		up
ganzang	ENSGALG00010017676	SPON2		up
ganzang	ENSGALG00010024057	HSD3B1		up
ganzang	ENSGALG00010027969	HSPA5		up
ganzang	ENSGALG00010002261	NR0B1		up
ganzang	ENSGALG00010013267	PNPLA3		up
ganzang	ENSGALG00010029360	ACACA		up
ganzang	ENSGALG00010003363	HBE1		up
ganzang	ENSGALG00010005913	NFKBIA		up
ganzang	ENSGALG00010001528	NR1D2		up
ganzang	ENSGALG00010019009	NRAP		up
ganzang	ENSGALG00010015430	HMGCL		up
ganzang	ENSGALG00010014338	BHLHE41		up
ganzang	ENSGALG00010021719	BHLHE40		up
ganzang	ENSGALG00010023673	SGK2		up
ganzang	ENSGALG00010024675	NR1D1		up
ganzang	ENSGALG00010024486	GPR37L1		up
ganzang	ENSGALG00010010659	ADAMTS1		up
ganzang	ENSGALG00010024731	AOX1		up
ganzang	ENSGALG00010016131	SMYD1		up
ganzang	ENSGALG00010022917	CYP4B7		up
ganzang	ENSGALG00010022917	CYP4A22		up
ganzang	ENSGALG00010019752	GPAM		up
ganzang	ENSGALG00010025727	GLI1		up
ganzang	ENSGALG00010029688	PIPOX		up
ganzang	ENSGALG00010016168	PLIN2		up
ganzang	ENSGALG00010021972	PISD		up
ganzang	ENSGALG00010027199	LAMB3		up
ganzang	ENSGALG00010012973	GLDC		up
ganzang	ENSGALG00010015196	PDE4D		up
ganzang	ENSGALG00010021241	TMEM43		up
ganzang	ENSGALG00010027118	ABHD6		up
ganzang	ENSGALG00010003400	PKIA		up
ganzang	ENSGALG00010029945	CCL4		up
ganzang	ENSGALG00010010706	SREBF2		up
ganzang	ENSGALG00010017603	CYP3A5		up
ganzang	ENSGALG00010017024	BUB1		up
ganzang	ENSGALG00010009246	RUSC2		up
ganzang	ENSGALG00010002062	GSTA4		up
ganzang	ENSGALG00010004760	THBS2		up
ganzang	ENSGALG00010014193	CARD10		up
ganzang	ENSGALG00010016480	GPX3		up
ganzang	ENSGALG00010017838	B3GNT2		up
ganzang	ENSGALG00010013095	ADSL		up
ganzang	ENSGALG00010009876	SELENOI		up
ganzang	ENSGALG00010006291	ACSS1B		up
ganzang	ENSGALG00010010952	GBE		up
ganzang	ENSGALG00010018514	EAF2		up
ganzang	ENSGALG00010011306	ECI2		up
ganzang	ENSGALG00010010280	HSP90B1		up
ganzang	ENSGALG00010012838	C2orf88		up
ganzang	ENSGALG00010020897	VTG3		up
ganzang	ENSGALG00010029649	PSPH		up
ganzang	ENSGALG00010010014	GLUL		up
ganzang	ENSGALG00010009520	SPINK4		up
ganzang	ENSGALG00010029153	OGFOD3		up
ganzang	ENSGALG00010022348	G6PC		up
ganzang	ENSGALG00010004716	ADH6		up
ganzang	ENSGALG00010018226	JAG1		up
ganzang	ENSGALG00010018887	ADAMTS17		up
ganzang	ENSGALG00010020360	ABCG8		up
ganzang	ENSGALG00010009416	COL14A1		up
ganzang	ENSGALG00010014948	RBM38		up
ganzang	ENSGALG00010019307	ATF3		up
ganzang	ENSGALG00010020676	CYP2C23a		up
ganzang	ENSGALG00010028613	CIART		up
ganzang	ENSGALG00010004446	ACAT2		up
ganzang	ENSGALG00010006359	SGK1		up
ganzang	ENSGALG00010019996	ITGB5		up
ganzang	ENSGALG00010002655	FABP4		up
ganzang	ENSGALG00010011057	ASCL1		up
ganzang	ENSGALG00010010766	CENPO		up
ganzang	ENSGALG00010022919	ACLY		up
ganzang	ENSGALG00010021726	ARNTL		up
ganzang	ENSGALG00010004374	ILDR1		up
ganzang	ENSGALG00010011198	PINX1		up
ganzang	ENSGALG00010018534	NCEH1		up
ganzang	ENSGALG00010017304	ANKRD9		up
ganzang	ENSGALG00010012918	GLRX		up
ganzang	ENSGALG00010017699	RNF19B		up
ganzang	ENSGALG00010008388	ADCY1		up
ganzang	ENSGALG00010005881	CORO2A		up
ganzang	ENSGALG00010010888	GNPAT		up
ganzang	ENSGALG00010002197	GSTA2		up
ganzang	ENSGALG00010017501	SPIA5		up
ganzang	ENSGALG00010022202	CX3CL1		up
ganzang	ENSGALG00010029639	CCLI7		up
ganzang	ENSGALG00010029639	CCLI8		up
ganzang	ENSGALG00010025799	SC5D		up
ganzang	ENSGALG00010017745	SHMT1		up
ganzang	ENSGALG00010026485	ACAA1		up
ganzang	ENSGALG00010003178	CENPA		up
ganzang	ENSGALG00010007986	MYC		up
ganzang	ENSGALG00010025968	FADS2		up
ganzang	ENSGALG00010018796	PER3		up
ganzang	ENSGALG00010008084	CYP2AC1		up
ganzang	ENSGALG00010029270	TIMP2		up
ganzang	ENSGALG00010021623	FAR1		up
ganzang	ENSGALG00010020966	PAPLN		up
ganzang	ENSGALG00010027875	WNT5A		up
ganzang	ENSGALG00010002533	LPAR2		up
ganzang	ENSGALG00010017310	SAMD11		up
ganzang	ENSGALG00010005474	COL8A1		up
ganzang	ENSGALG00010009040	CRELD2		up
ganzang	ENSGALG00010029518	FAAP100		up
ganzang	ENSGALG00010022717	ELOVL1		up
ganzang	ENSGALG00010009562	HADHB		up
ganzang	ENSGALG00010006035	ADH1C		up
ganzang	ENSGALG00010010422	CDH1		up
ganzang	ENSGALG00010005004	CDK6		up
ganzang	ENSGALG00010010635	ALDH9A1		up
ganzang	ENSGALG00010010358	ASPM		up
ganzang	ENSGALG00010026006	ITGA2B		up
ganzang	ENSGALG00010022850	ULK1		up
ganzang	ENSGALG00010021106	ITGB6		up
ganzang	ENSGALG00010004361	NPFFR2		up
ganzang	ENSGALG00010017337	ABAT		up
ganzang	ENSGALG00010012869	HTATIP2		up
ganzang	ENSGALG00010021169	CAMK2G		up
ganzang	ENSGALG00010010431	SOCS2		up
ganzang	ENSGALG00010014321	GBE		up
ganzang	ENSGALG00010018430	PYROXD2		up
ganzang	ENSGALG00010028876	ADAMTSL2		up
ganzang	ENSGALG00010002404	OSBPL3		up
ganzang	ENSGALG00010005314	IL20RA		up
ganzang	ENSGALG00010021390	GSTO2		up
ganzang	ENSGALG00010004386	CFAP44		up
ganzang	ENSGALG00010001461	ASB9		up
ganzang	ENSGALG00010003790	ELOVL6		up
ganzang	ENSGALG00010011503	NCF2		up
ganzang	ENSGALG00010024330	SDF2L1		up
ganzang	ENSGALG00010021251	RNF216		up
ganzang	ENSGALG00010001279	LPIN2		up
ganzang	ENSGALG00010002929	PDHA2		up
ganzang	ENSGALG00010005260	ANXA5		up
ganzang	ENSGALG00010017593	MTHFR		up
ganzang	ENSGALG00010024186	HAO2		up
ganzang	ENSGALG00010001441	HMGCLL1		up
ganzang	ENSGALG00010022656	FKBP10		up
ganzang	ENSGALG00010026346	FZD2		up
ganzang	ENSGALG00010010655	C1QTNF7		up
ganzang	ENSGALG00010013720	SLC16A10		up
ganzang	ENSGALG00010009503	IL11RA		up
ganzang	ENSGALG00010018806	GCH1		up
ganzang	ENSGALG00010024149	TCIRG1		up
ganzang	ENSGALG00010017541	SREBF1		up
ganzang	ENSGALG00010016957	WNT4		up
ganzang	ENSGALG00010009104	MTR		up
ganzang	ENSGALG00010015788	TRPC1		up
ganzang	ENSGALG00010015904	MTMR7		up
ganzang	ENSGALG00010026105	CNTF		up
ganzang	ENSGALG00010024353	UMOD		up
ganzang	ENSGALG00010011668	SLCO1A2		up
ganzang	ENSGALG00010021515	FGF23		up
ganzang	ENSGALG00010018398	LRFN5		up
ganzang	ENSGALG00010008821	TAF1D		up
ganzang	ENSGALG00010007224	DHFR		up
ganzang	ENSGALG00010010188	DSP		up
ganzang	ENSGALG00010011448	AvBD10		up
ganzang	ENSGALG00010027133	CELF5		up
ganzang	ENSGALG00010007806	DYNLRB2		up
ganzang	ENSGALG00010006602	EDNRA		up
ganzang	ENSGALG00010006227	AGPAT4		up
ganzang	ENSGALG00010015407	TIMP3		up
ganzang	ENSGALG00010018920	ACAD11		up
ganzang	ENSGALG00010016415	RASGRF1		up
ganzang	ENSGALG00010029757	ULK2		up
ganzang	ENSGALG00010029417	ABCA9		up
ganzang	ENSGALG00010008030	GJA5		up
ganzang	ENSGALG00010011965	ATIC		up
ganzang	ENSGALG00010021505	IHH		up
ganzang	ENSGALG00010014334	HMGCS1		up
ganzang	ENSGALG00010002160	CAPN5		up
ganzang	ENSGALG00010017600	MXD4		up
ganzang	ENSGALG00010000055	PRC1		up
ganzang	ENSGALG00010003202	FAM46A		up
ganzang	ENSGALG00010024705	SLCO2A1		up
ganzang	ENSGALG00010013354	WWP1		up
ganzang	ENSGALG00010024873	HYOU1		up
ganzang	ENSGALG00010002431	BCKDHB		up
ganzang	ENSGALG00010019213	RHBDF1		up
ganzang	ENSGALG00010021693	PPA1		up
ganzang	ENSGALG00010022745	PAPSS2		up
ganzang	ENSGALG00010021835	NUDT8		up
ganzang	ENSGALG00010023997	ARFGEF2		up
ganzang	ENSGALG00010011789	TXNRD1		up
ganzang	ENSGALG00010012830	ARRDC3		up
ganzang	ENSGALG00010029548	BAIAP2		up
ganzang	ENSGALG00010020341	DYNC2LI1		up
ganzang	ENSGALG00010024965	STAT2		up
ganzang	ENSGALG00010024153	KCNQ1		up
ganzang	ENSGALG00010020920	ACOX2		up
ganzang	ENSGALG00010010662	MGST3		up
ganzang	ENSGALG00010016678	NOX1		up
ganzang	ENSGALG00010019248	RMI2		up
ganzang	ENSGALG00010015697	FAXDC2		up
ganzang	ENSGALG00010012004	LGR5		up
ganzang	ENSGALG00010020443	PREPL		up
ganzang	ENSGALG00010008340	PDIA4		up
ganzang	ENSGALG00010021727	MVK		up
ganzang	ENSGALG00010020352	ABCG5		up
ganzang	ENSGALG00010014750	LONRF1		up
ganzang	ENSGALG00010017300	TRPM7		up
ganzang	ENSGALG00010010006	PPARGC1A		up
ganzang	ENSGALG00010011239	RALGPS2		up
ganzang	ENSGALG00010014682	IL13RA1		up
ganzang	ENSGALG00010025957	FADS1		up
ganzang	ENSGALG00010027455	R3HDM4		up
ganzang	ENSGALG00010029783	RAD51C		up
ganzang	ENSGALG00010011455	AvBD8		up
ganzang	ENSGALG00010003006	CYP7B1		up
ganzang	ENSGALG00010021510	NTSR1		up
ganzang	ENSGALG00010022614	DAO		up
ganzang	ENSGALG00010027448	ADAMTSL5		up
ganzang	ENSGALG00010007038	CENPU		up
ganzang	ENSGALG00010001111	SUCNR1		up
ganzang	ENSGALG00010021050	CTR9		up
ganzang	ENSGALG00010016876	MTURN		up
ganzang	ENSGALG00010004591	RRS1		up
ganzang	ENSGALG00010010998	SOAT1		up
ganzang	ENSGALG00010009551	HADHA		up
ganzang	ENSGALG00010018460	IL1B		up
ganzang	ENSGALG00010017372	IL4R		up
ganzang	ENSGALG00010010712	ADAMTS5		up
ganzang	ENSGALG00010017094	SORBS2		up
ganzang	ENSGALG00010013206	AFF2		up
ganzang	ENSGALG00010003305	CALR		up
ganzang	ENSGALG00010014125	PLPP1		up
ganzang	ENSGALG00010013737	AFF4		up
ganzang	ENSGALG00010022224	NHEJ1		up
ganzang	ENSGALG00010023351	GNB3		up
ganzang	ENSGALG00010015533	PSAT1		up
ganzang	ENSGALG00010008688	HBEGF		up
ganzang	ENSGALG00010027917	PPARG		up
ganzang	ENSGALG00010008278	CYP39A1		up
ganzang	ENSGALG00010019833	MTHFS		up
ganzang	ENSGALG00010002609	PDIA6		up
ganzang	ENSGALG00010027050	GSTT1		up
ganzang	ENSGALG00010029264	COL26A1		up
ganzang	ENSGALG00010022837	ITGB3		up
ganzang	ENSGALG00010002433	GRHL1		up
ganzang	ENSGALG00010005268	MTTP		up
ganzang	ENSGALG00010019546	HSD17B12		up
ganzang	ENSGALG00010019259	L2HGDH		up
ganzang	ENSGALG00010010949	FZD3		up
ganzang	ENSGALG00010011143	AK3		up
ganzang	ENSGALG00010010724	ADCY3		up
ganzang	ENSGALG00010024933	CS		up
ganzang	ENSGALG00010012667	SCAMP1		up
ganzang	ENSGALG00010017876	COMMD1		up
ganzang	ENSGALG00010018590	TGFA		up
ganzang	ENSGALG00010015894	CEP78		up
ganzang	ENSGALG00010009659	APOLD1		up
ganzang	ENSGALG00010000722	ANKH		up
ganzang	ENSGALG00010011817	KDSR		up
ganzang	ENSGALG00010002368	UVRAG		up
ganzang	ENSGALG00010017657	DIS3L2		up
ganzang	ENSGALG00010004245	ARFGEF3		up
ganzang	ENSGALG00010024472	LDHA		up
ganzang	ENSGALG00010010841	PMM1		up
ganzang	ENSGALG00010004117	STBD1		up
ganzang	ENSGALG00010021420	PLXNB3		up
ganzang	ENSGALG00010020840	LPAR3		up
ganzang	ENSGALG00010008936	IFT172		up
ganzang	ENSGALG00010002827	SBSPON		up
ganzang	ENSGALG00010020525	GPD1L2		up
ganzang	ENSGALG00010019634	GNG2		up
ganzang	ENSGALG00010022051	BAIAP2L1		up
ganzang	ENSGALG00010006843	STON2		up
ganzang	ENSGALG00010005360	CAMK1D		up
ganzang	ENSGALG00010029430	FN3KRP		up
ganzang	ENSGALG00010021072	PRKACB		up
ganzang	ENSGALG00010029647	MYCBPAP		up
ganzang	ENSGALG00010028626	CRAT		up
ganzang	ENSGALG00010004086	UTP3		up
ganzang	ENSGALG00010019144	IFT122		up
ganzang	ENSGALG00010024547	PFKM		up
ganzang	ENSGALG00010010271	HUNK		up
ganzang	ENSGALG00010027965	ACAD9		up
ganzang	ENSGALG00010010728	ELOVL2		up
ganzang	ENSGALG00010007546	MMP10		up
ganzang	ENSGALG00010014943	APLN		up
ganzang	ENSGALG00010002483	COQ2		up
ganzang	ENSGALG00010022742	IFT46		up
ganzang	ENSGALG00010025419	CCND1		up
ganzang	ENSGALG00010024666	MED24		up
ganzang	ENSGALG00010005186	ESR1		up
ganzang	ENSGALG00010005554	CRYL1		up
ganzang	ENSGALG00010023230	PXDNL		up
ganzang	ENSGALG00010016700	CLUAP1		up
ganzang	ENSGALG00010029755	ACOX1		up
ganzang	ENSGALG00010017296	SCNN1G		up
ganzang	ENSGALG00010016938	PSME4		up
ganzang	ENSGALG00010024989	TIMELESS		up
ganzang	ENSGALG00010025586	TCTN1		up
ganzang	ENSGALG00010026252	ENO2		up
ganzang	ENSGALG00010025992	MMP11		up
ganzang	ENSGALG00010010991	C2CD2		up
ganzang	ENSGALG00010022460	VAT1		up
ganzang	ENSGALG00010025121	WDR60		up
ganzang	ENSGALG00010023225	PDPR		up
ganzang	ENSGALG00010017518	PEMT		up
ganzang	ENSGALG00010021095	NT5C2		up
ganzang	ENSGALG00010010732	CCKAR		up
ganzang	ENSGALG00010018559	DLG3		up
ganzang	ENSGALG00010010578	GLUD2		up
ganzang	ENSGALG00010029221	AXIN2		up
ganzang	ENSGALG00010017825	PLPP5		up
ganzang	ENSGALG00010017335	THUMPD2		up
ganzang	ENSGALG00010024322	IDH3A		up
ganzang	ENSGALG00010017406	IFT140		up
ganzang	ENSGALG00010024575	TXNRD2		up
ganzang	ENSGALG00010025362	G6PC2		up
ganzang	ENSGALG00010003412	ASB5		up
ganzang	ENSGALG00010015025	TRAF3IP1		up
ganzang	ENSGALG00010017733	TRIM62		up
ganzang	ENSGALG00010029337	MYO1C		up
ganzang	ENSGALG00010007869	GCSH		up
ganzang	ENSGALG00010007214	MTHFSD		up
ganzang	ENSGALG00010002135	ELOVL5		up
ganzang	ENSGALG00010002782	GSTA3		up
ganzang	ENSGALG00010020617	DGUOK		up
ganzang	ENSGALG00010005704	AKAP12		up
ganzang	ENSGALG00010029759	ALDH3A2		up
ganzang	ENSGALG00010026759	OMA1		up
ganzang	ENSGALG00010028091	FPGS		up
ganzang	ENSGALG00010000303	PES1		up
ganzang	ENSGALG00010007883	DHTKD1		up
ganzang	ENSGALG00010018423	IGFALS		up
ganzang	ENSGALG00010013899	WNT5B		up
ganzang	ENSGALG00010015967	ZSWIM1		up
ganzang	ENSGALG00010019030	CDR2		up
ganzang	ENSGALG00010020900	PDHB		up
ganzang	ENSGALG00010003597	RNF144A		up
ganzang	ENSGALG00010018415	PELI2		up
ganzang	ENSGALG00010018193	ANK1		up
ganzang	ENSGALG00010011282	CRY1		up
ganzang	ENSGALG00010022038	GAPDH		up
ganzang	ENSGALG00010025259	SHH		up
ganzang	ENSGALG00010001347	MYOM1		up
ganzang	ENSGALG00010024771	AOX2		up
ganzang	ENSGALG00010017390	DDX24		up
ganzang	ENSGALG00010021120	PDCD11		up
ganzang	ENSGALG00010027899	PMVK		up
ganzang	ENSGALG00010019834	PLCH2		up
ganzang	ENSGALG00010001661	TCTN3		up
ganzang	ENSGALG00010029396	WIPI1		up
ganzang	ENSGALG00010016836	HEPH		up
ganzang	ENSGALG00010001363	HIBADH		up
ganzang	ENSGALG00010014204	KIFAP3		up
ganzang	ENSGALG00010022541	ITPKA		up
ganzang	ENSGALG00010020327	MTTPL		up
ganzang	ENSGALG00010029324	BCAS3		up
ganzang	ENSGALG00010012371	ATP6V1G3		up
ganzang	ENSGALG00010008101	CENPQ		up
ganzang	ENSGALG00010017188	ITGAD		up
ganzang	ENSGALG00010019618	NPHP4		up
ganzang	ENSGALG00010010740	CCDC134		up
ganzang	ENSGALG00010028153	MANF		up
ganzang	ENSGALG00010026898	PNPLA2		up
ganzang	ENSGALG00010026264	FZD7		up
luanchao	ENSGALG00010004760	THBS2		up
luanchao	ENSGALG00010014905	TEKT2		down
luanchao	ENSGALG00010010712	ADAMTS5		up
luanchao	ENSGALG00010022985	TTC25		down
luanchao	ENSGALG00010000806	C5orf49		down
shierzhichang	ENSGALG00010005534	IDI2		down
shierzhichang	ENSGALG00010025047	PER2		down
shierzhichang	ENSGALG00010013452	LSS		down
shierzhichang	ENSGALG00010028374	FDPS		down
shierzhichang	ENSGALG00010005267	CYP51A1		down
shierzhichang	ENSGALG00010024675	NR1D1		down
shierzhichang	ENSGALG00010007877	MSMO1		down
shierzhichang	ENSGALG00010011282	CRY1		down
shierzhichang	ENSGALG00010024834	INSIG1		down
shierzhichang	ENSGALG00010018796	PER3		down
shierzhichang	ENSGALG00010013436	NPAS2		down
shierzhichang	ENSGALG00010025799	SC5D		down
shierzhichang	ENSGALG00010012857	NSDHL		down
shierzhichang	ENSGALG00010001528	NR1D2		down
shierzhichang	ENSGALG00010011029	HMGCR		down
shierzhichang	ENSGALG00010010706	SREBF2		down
shierzhichang	ENSGALG00010021726	ARNTL		down
shierzhichang	ENSGALG00010014334	HMGCS1		down
shierzhichang	ENSGALG00010028613	CIART		down
shierzhichang	ENSGALG00010012978	HSD17B7		down
zigong	ENSGALG00010025480	FGF19		down
zigong	ENSGALG00010018540	TNFSF10		down
zigong	ENSGALG00010014724	SPINK7		down
zigong	ENSGALG00010025047	PER2		down
zigong	ENSGALG00010024052	LOC378902		up
zigong	ENSGALG00010014696	SPINK5		down
zigong	ENSGALG00010013436	NPAS2		up
zigong	ENSGALG00010021241	TMEM43		down
zigong	ENSGALG00010005534	IDI2		down
zigong	ENSGALG00010007986	MYC		down
zigong	ENSGALG00010025549	DHCR24		down
zigong	ENSGALG00010024989	TIMELESS		up
zigong	ENSGALG00010005267	CYP51A1		down
zigong	ENSGALG00010019652	TNFRSF10B		down
zigong	ENSGALG00010008860	SQLE		down
zigong	ENSGALG00010007877	MSMO1		down
zigong	ENSGALG00010028374	FDPS		down
zigong	ENSGALG00010026367	RBP		down
zigong	ENSGALG00010024834	INSIG1		down
zigong	ENSGALG00010014321	GBE		down
zigong	ENSGALG00010010014	GLUL		down
zigong	ENSGALG00010012978	HSD17B7		down
zigong	ENSGALG00010019732	HBA1		down
zigong	ENSGALG00010008101	CENPQ		down
zigong	ENSGALG00010019253	HBAD		down
zigong	ENSGALG00010011363	FDFT1		down
zigong	ENSGALG00010011282	CRY1		down
zigong	ENSGALG00010015533	PSAT1		down
zigong	ENSGALG00010014334	HMGCS1		down
zigong	ENSGALG00010003868	HBBA		down
zigong	ENSGALG00010025259	SHH		up
zigong	ENSGALG00010025451	LRRC43		down
zigong	ENSGALG00010003363	HBE1		down
zigong	ENSGALG00010022614	DAO		down
zigong	ENSGALG00010013452	LSS		down
zigong	ENSGALG00010012857	NSDHL		down
zigong	ENSGALG00010011029	HMGCR		down
zigong	ENSGALG00010003108	PPP1R3B		down
zigong	ENSGALG00010020572	PPP1R3C		down
zigong	ENSGALG00010010706	SREBF2		down
zigong	ENSGALG00010020994	DHCR7		down
zigong	ENSGALG00010004308	DSG2		down
zigong	ENSGALG00010003002	PHKA2		down
